Corrin,Gapinski,corrin.gapinski@testgenerator.com
Nida,Hepp,nida.hepp@testgenerator.com
Avril,Bilby,avril.bilby@testgenerator.com
Arica,Medley,arica.medley@testgenerator.com
Emmitt,Byrom,emmitt.byrom@testgenerator.com
Marinda,Barnwell,marinda.barnwell@testgenerator.com
Jenell,Curl,jenell.curl@testgenerator.com
Junita,Wylie,junita.wylie@testgenerator.com
Sonny,Laning,sonny.laning@testgenerator.com
Eryn,Turpen,eryn.turpen@testgenerator.com
Nery,Mustain,nery.mustain@testgenerator.com
Tarah,Brockington,tarah.brockington@testgenerator.com
Johanna,Detamore,johanna.detamore@testgenerator.com
Shery,Shepardson,shery.shepardson@testgenerator.com
Daniell,Moyers,daniell.moyers@testgenerator.com
Ernestina,Mosca,ernestina.mosca@testgenerator.com
Harmony,Liebold,harmony.liebold@testgenerator.com
Damian,Latour,damian.latour@testgenerator.com
Exie,Quin,exie.quin@testgenerator.com
Wilda,Lomeli,wilda.lomeli@testgenerator.com
Malvina,Marcin,malvina.marcin@testgenerator.com
Tamie,Junk,tamie.junk@testgenerator.com
Antony,Friley,antony.friley@testgenerator.com
Enid,Rushin,enid.rushin@testgenerator.com
Avis,Meinecke,avis.meinecke@testgenerator.com
Terrence,Ku,terrence.ku@testgenerator.com
Angela,Hawke,angela.hawke@testgenerator.com
Lindsey,Cullins,lindsey.cullins@testgenerator.com
Eleonora,Weatherly,eleonora.weatherly@testgenerator.com
Terica,Corkill,terica.corkill@testgenerator.com
Christoper,Fielding,christoper.fielding@testgenerator.com
Kenya,Doll,kenya.doll@testgenerator.com
Wava,Ulm,wava.ulm@testgenerator.com
Delmar,Melvin,delmar.melvin@testgenerator.com
Ramona,Motley,ramona.motley@testgenerator.com
Susann,Carreras,susann.carreras@testgenerator.com
Lawana,Ibarra,lawana.ibarra@testgenerator.com
Chasidy,Whittemore,chasidy.whittemore@testgenerator.com
Tiana,Avey,tiana.avey@testgenerator.com
Evelin,Brun,evelin.brun@testgenerator.com
Loretta,Villagran,loretta.villagran@testgenerator.com
Tanna,Rain,tanna.rain@testgenerator.com
Janessa,Poulos,janessa.poulos@testgenerator.com
Brendan,Broadnax,brendan.broadnax@testgenerator.com
Evelyne,Beland,evelyne.beland@testgenerator.com
Towanda,Crompton,towanda.crompton@testgenerator.com
Rosie,Shock,rosie.shock@testgenerator.com
Jacki,Giammarino,jacki.giammarino@testgenerator.com
Ericka,Hodgin,ericka.hodgin@testgenerator.com
Etha,Atkinson,etha.atkinson@testgenerator.com
Raphael,Canto,raphael.canto@testgenerator.com
Jonah,Gallegos,jonah.gallegos@testgenerator.com
Antonia,Zack,antonia.zack@testgenerator.com
Delmar,Carrasquillo,delmar.carrasquillo@testgenerator.com
Nathan,Bonelli,nathan.bonelli@testgenerator.com
Minh,Wragg,minh.wragg@testgenerator.com
Drew,Fava,drew.fava@testgenerator.com
Melvin,Cloutier,melvin.cloutier@testgenerator.com
Lemuel,Halton,lemuel.halton@testgenerator.com
Jae,Prevo,jae.prevo@testgenerator.com
Hunter,Saulter,hunter.saulter@testgenerator.com
Bruce,Rutledge,bruce.rutledge@testgenerator.com
Deandre,Warnock,deandre.warnock@testgenerator.com
Foster,Boehme,foster.boehme@testgenerator.com
Omar,Amerman,omar.amerman@testgenerator.com
Jonathan,Bertram,jonathan.bertram@testgenerator.com
Jim,Daoust,jim.daoust@testgenerator.com
Mike,Mcclain,mike.mcclain@testgenerator.com
Douglas,Musser,douglas.musser@testgenerator.com
Abram,Arrieta,abram.arrieta@testgenerator.com
Clemente,Purpura,clemente.purpura@testgenerator.com
Clifford,Doten,clifford.doten@testgenerator.com
Marvin,Fetter,marvin.fetter@testgenerator.com
Hollis,Knouse,hollis.knouse@testgenerator.com
Numbers,Luechtefeld,numbers.luechtefeld@testgenerator.com
Hyman,Ruppert,hyman.ruppert@testgenerator.com
Zack,Carreno,zack.carreno@testgenerator.com
Rob,Bichrest,rob.bichrest@testgenerator.com
Sheldon,Fason,sheldon.fason@testgenerator.com
Scott,Puchalski,scott.puchalski@testgenerator.com
Garfield,Shippy,garfield.shippy@testgenerator.com
Dusty,Modzelewski,dusty.modzelewski@testgenerator.com
Ryan,Alcon,ryan.alcon@testgenerator.com
Forest,Tomblin,forest.tomblin@testgenerator.com
Devon,Nowacki,devon.nowacki@testgenerator.com
Abraham,Fleenor,abraham.fleenor@testgenerator.com
Alfred,Tyer,alfred.tyer@testgenerator.com
Raymon,Fullerton,raymon.fullerton@testgenerator.com
Donovan,Velez,donovan.velez@testgenerator.com
Preston,Elia,preston.elia@testgenerator.com
Ethan,Commander,ethan.commander@testgenerator.com
Edgardo,Grieve,edgardo.grieve@testgenerator.com
Alton,Kratochvil,alton.kratochvil@testgenerator.com
Columbus,Welle,columbus.welle@testgenerator.com
Homer,Pursley,homer.pursley@testgenerator.com
Oscar,Hites,oscar.hites@testgenerator.com
Rosendo,Delosh,rosendo.delosh@testgenerator.com
Wilton,Troiano,wilton.troiano@testgenerator.com
Glenn,Egan,glenn.egan@testgenerator.com
Gonzalo,Schrimsher,gonzalo.schrimsher@testgenerator.com
